UID Value,UID Name,UID Keyword,UID Type,Part,Deprecated
1.2.840.10008.1.1,Verification SOP Class,Verification,SOP Class,PS3.4 ,false
1.2.840.10008.1.2,Implicit VR Little Endian: Default Transfer Syntax for DICOM,ImplicitVRLittleEndian,Transfer Syntax,PS3.5 ,false
1.2.840.10008.1.2.1,Explicit VR Little Endian,ExplicitVRLittleEndian,Transfer Syntax,PS3.5 ,false
1.2.840.10008.1.2.1.99,Deflated Explicit VR Little Endian,DeflatedExplicitVRLittleEndian,Transfer Syntax,PS3.5 ,false
1.2.840.10008.1.2.2,Explicit VR Big Endian (Retired),ExplicitVRBigEndian,Transfer Syntax,PS3.5 (2011) ,true
1.2.840.10008.1.2.4.50,JPEG Baseline (Process 1): Default Transfer Syntax for Lossy JPEG 8 Bit Image Compression,JPEGBaseline8Bit,Transfer Syntax,PS3.5 ,false
1.2.840.10008.1.2.4.51,JPEG Extended (Process 2 & 4): Default Transfer Syntax for Lossy JPEG 12 Bit Image Compression (Process 4 only),JPEGExtended12Bit,Transfer Syntax,PS3.5 ,false
1.2.840.10008.1.2.4.52,JPEG Extended (Process 3 & 5) (Retired),JPEGExtended35,Transfer Syntax,PS3.5 (2001) ,true
1.2.840.10008.1.2.4.53,"JPEG Spectral Selection, Non-Hierarchical (Process 6 & 8) (Retired)",JPEGSpectralSelectionNonHierarchical68,Transfer Syntax,PS3.5 (2001) ,true
1.2.840.10008.1.2.4.54,"JPEG Spectral Selection, Non-Hierarchical (Process 7 & 9) (Retired)",JPEGSpectralSelectionNonHierarchical79,Transfer Syntax,PS3.5 (2001) ,true
1.2.840.10008.1.2.4.55,"JPEG Full Progression, Non-Hierarchical (Process 10 & 12) (Retired)",JPEGFullProgressionNonHierarchical1012,Transfer Syntax,PS3.5 (2001) ,true
1.2.840.10008.1.2.4.56,"JPEG Full Progression, Non-Hierarchical (Process 11 & 13) (Retired)",JPEGFullProgressionNonHierarchical1113,Transfer Syntax,PS3.5 (2001) ,true
1.2.840.10008.1.2.4.57,"JPEG Lossless, Non-Hierarchical (Process 14)",JPEGLossless,Transfer Syntax,PS3.5 ,false
1.2.840.10008.1.2.4.58,"JPEG Lossless, Non-Hierarchical (Process 15) (Retired)",JPEGLosslessNonHierarchical15,Transfer Syntax,PS3.5 (2001) ,true
1.2.840.10008.1.2.4.59,"JPEG Extended, Hierarchical (Process 16 & 18) (Retired)",JPEGExtendedHierarchical1618,Transfer Syntax,PS3.5 (2001) ,true
1.2.840.10008.1.2.4.60,"JPEG Extended, Hierarchical (Process 17 & 19) (Retired)",JPEGExtendedHierarchical1719,Transfer Syntax,PS3.5 (2001) ,true
1.2.840.10008.1.2.4.61,"JPEG Spectral Selection, Hierarchical (Process 20 & 22) (Retired)",JPEGSpectralSelectionHierarchical2022,Transfer Syntax,PS3.5 (2001) ,true
1.2.840.10008.1.2.4.62,"JPEG Spectral Selection, Hierarchical (Process 21 & 23) (Retired)",JPEGSpectralSelectionHierarchical2123,Transfer Syntax,PS3.5 (2001) ,true
1.2.840.10008.1.2.4.63,"JPEG Full Progression, Hierarchical (Process 24 & 26) (Retired)",JPEGFullProgressionHierarchical2426,Transfer Syntax,PS3.5 (2001) ,true
1.2.840.10008.1.2.4.64,"JPEG Full Progression, Hierarchical (Process 25 & 27) (Retired)",JPEGFullProgressionHierarchical2527,Transfer Syntax,PS3.5 (2001) ,true
1.2.840.10008.1.2.4.65,"JPEG Lossless, Hierarchical (Process 28) (Retired)",JPEGLosslessHierarchical28,Transfer Syntax,PS3.5 (2001) ,true
1.2.840.10008.1.2.4.66,"JPEG Lossless, Hierarchical (Process 29) (Retired)",JPEGLosslessHierarchical29,Transfer Syntax,PS3.5 (2001) ,true
1.2.840.10008.1.2.4.70,"JPEG Lossless, Non-Hierarchical, First-Order Prediction (Process 14 [Selection Value 1]): Default Transfer Syntax for Lossless JPEG Image Compression",JPEGLosslessSV1,Transfer Syntax,PS3.5 ,false
1.2.840.10008.1.2.4.80,JPEG-LS Lossless Image Compression,JPEGLSLossless,Transfer Syntax,PS3.5 ,false
1.2.840.10008.1.2.4.81,JPEG-LS Lossy (Near-Lossless) Image Compression,JPEGLSNearLossless,Transfer Syntax,PS3.5 ,false
1.2.840.10008.1.2.4.90,JPEG 2000 Image Compression (Lossless Only),JPEG2000Lossless,Transfer Syntax,PS3.5 ,false
1.2.840.10008.1.2.4.91,JPEG 2000 Image Compression,JPEG2000,Transfer Syntax,PS3.5 ,false
1.2.840.10008.1.2.4.92,JPEG 2000 Part 2 Multi-component Image Compression (Lossless Only),JPEG2000MCLossless,Transfer Syntax,PS3.5 ,false
1.2.840.10008.1.2.4.93,JPEG 2000 Part 2 Multi-component Image Compression,JPEG2000MC,Transfer Syntax,PS3.5 ,false
1.2.840.10008.1.2.4.94,JPIP Referenced,JPIPReferenced,Transfer Syntax,PS3.5 ,false
1.2.840.10008.1.2.4.95,JPIP Referenced Deflate,JPIPReferencedDeflate,Transfer Syntax,PS3.5 ,false
1.2.840.10008.1.2.4.100,MPEG2 Main Profile / Main Level,MPEG2MPML,Transfer Syntax,PS3.5 ,false
1.2.840.10008.1.2.4.101,MPEG2 Main Profile / High Level,MPEG2MPHL,Transfer Syntax,PS3.5 ,false
1.2.840.10008.1.2.4.102,MPEG-4 AVC/H.264 High Profile / Level 4.1,MPEG4HP41,Transfer Syntax,PS3.5 ,false
1.2.840.10008.1.2.4.103,MPEG-4 AVC/H.264 BD-compatible High Profile / Level 4.1,MPEG4HP41BD,Transfer Syntax,PS3.5 ,false
1.2.840.10008.1.2.4.104,MPEG-4 AVC/H.264 High Profile / Level 4.2 For 2D Video,MPEG4HP422D,Transfer Syntax,PS3.5 ,false
1.2.840.10008.1.2.4.105,MPEG-4 AVC/H.264 High Profile / Level 4.2 For 3D Video,MPEG4HP423D,Transfer Syntax,PS3.5 ,false
1.2.840.10008.1.2.4.106,MPEG-4 AVC/H.264 Stereo High Profile / Level 4.2,MPEG4HP42STEREO,Transfer Syntax,PS3.5 ,false
1.2.840.10008.1.2.4.107,HEVC/H.265 Main Profile / Level 5.1,HEVCMP51,Transfer Syntax,PS3.5 ,false
1.2.840.10008.1.2.4.108,HEVC/H.265 Main 10 Profile / Level 5.1,HEVCM10P51,Transfer Syntax,PS3.5 ,false
1.2.840.10008.1.2.5,RLE Lossless,RLELossless,Transfer Syntax,PS3.5 ,false
1.2.840.10008.1.2.6.1,RFC 2557 MIME encapsulation (Retired),RFC2557MIMEEncapsulation,Transfer Syntax,PS3.10 (2018b) ,true
1.2.840.10008.1.2.6.2,XML Encoding (Retired),XMLEncoding,Transfer Syntax,PS3.10 (2018b) ,true
1.2.840.10008.1.2.7.1,SMPTE ST 2110-20 Uncompressed Progressive Active Video,SMPTEST211020UncompressedProgressiveActiveVideo,Transfer Syntax,PS3.5 ,false
1.2.840.10008.1.2.7.2,SMPTE ST 2110-20 Uncompressed Interlaced Active Video,SMPTEST211020UncompressedInterlacedActiveVideo,Transfer Syntax,PS3.5 ,false
1.2.840.10008.1.2.7.3,SMPTE ST 2110-30 PCM Digital Audio,SMPTEST211030PCMDigitalAudio,Transfer Syntax,PS3.5 ,false
1.2.840.10008.1.3.10,Media Storage Directory Storage,MediaStorageDirectoryStorage,SOP Class,PS3.4 ,false
1.2.840.10008.1.4.1.1,Talairach Brain Atlas Frame of Reference,TalairachBrainAtlas,Well-known frame of reference,,false
1.2.840.10008.1.4.1.2,SPM2 T1 Frame of Reference,SPM2T1,Well-known frame of reference,,false
1.2.840.10008.1.4.1.3,SPM2 T2 Frame of Reference,SPM2T2,Well-known frame of reference,,false
1.2.840.10008.1.4.1.4,SPM2 PD Frame of Reference,SPM2PD,Well-known frame of reference,,false
1.2.840.10008.1.4.1.5,SPM2 EPI Frame of Reference,SPM2EPI,Well-known frame of reference,,false
1.2.840.10008.1.4.1.6,SPM2 FIL T1 Frame of Reference,SPM2FILT1,Well-known frame of reference,,false
1.2.840.10008.1.4.1.7,SPM2 PET Frame of Reference,SPM2PET,Well-known frame of reference,,false
1.2.840.10008.1.4.1.8,SPM2 TRANSM Frame of Reference,SPM2TRANSM,Well-known frame of reference,,false
1.2.840.10008.1.4.1.9,SPM2 SPECT Frame of Reference,SPM2SPECT,Well-known frame of reference,,false
1.2.840.10008.1.4.1.10,SPM2 GRAY Frame of Reference,SPM2GRAY,Well-known frame of reference,,false
1.2.840.10008.1.4.1.11,SPM2 WHITE Frame of Reference,SPM2WHITE,Well-known frame of reference,,false
1.2.840.10008.1.4.1.12,SPM2 CSF Frame of Reference,SPM2CSF,Well-known frame of reference,,false
1.2.840.10008.1.4.1.13,SPM2 BRAINMASK Frame of Reference,SPM2BRAINMASK,Well-known frame of reference,,false
1.2.840.10008.1.4.1.14,SPM2 AVG305T1 Frame of Reference,SPM2AVG305T1,Well-known frame of reference,,false
1.2.840.10008.1.4.1.15,SPM2 AVG152T1 Frame of Reference,SPM2AVG152T1,Well-known frame of reference,,false
1.2.840.10008.1.4.1.16,SPM2 AVG152T2 Frame of Reference,SPM2AVG152T2,Well-known frame of reference,,false
1.2.840.10008.1.4.1.17,SPM2 AVG152PD Frame of Reference,SPM2AVG152PD,Well-known frame of reference,,false
1.2.840.10008.1.4.1.18,SPM2 SINGLESUBJT1 Frame of Reference,SPM2SINGLESUBJT1,Well-known frame of reference,,false
1.2.840.10008.1.4.2.1,ICBM 452 T1 Frame of Reference,ICBM452T1,Well-known frame of reference,,false
1.2.840.10008.1.4.2.2,ICBM Single Subject MRI Frame of Reference,ICBMSingleSubjectMRI,Well-known frame of reference,,false
1.2.840.10008.1.4.3.1,IEC 61217 Fixed Coordinate System Frame of Reference,IEC61217FixedCoordinateSystem,Well-known frame of reference,PS3.3 ,false
1.2.840.10008.1.4.3.2,Standard Robotic-Arm Coordinate System Frame of Reference,StandardRoboticArmCoordinateSystem,Well-known frame of reference,PS3.3 ,false
1.2.840.10008.1.4.4.1,SRI24 Frame of Reference,SRI24,Well-known frame of reference,,false
1.2.840.10008.1.4.5.1,Colin27 Frame of Reference,Colin27,Well-known frame of reference,,false
1.2.840.10008.1.4.6.1,LPBA40/AIR Frame of Reference,LPBA40AIR,Well-known frame of reference,,false
1.2.840.10008.1.4.6.2,LPBA40/FLIRT Frame of Reference,LPBA40FLIRT,Well-known frame of reference,,false
1.2.840.10008.1.4.6.3,LPBA40/SPM5 Frame of Reference,LPBA40SPM5,Well-known frame of reference,,false
1.2.840.10008.1.5.1,Hot Iron Color Palette SOP Instance,HotIronPalette,Well-known SOP Instance,PS3.6 ,false
1.2.840.10008.1.5.2,PET Color Palette SOP Instance,PETPalette,Well-known SOP Instance,PS3.6 ,false
1.2.840.10008.1.5.3,Hot Metal Blue Color Palette SOP Instance,HotMetalBluePalette,Well-known SOP Instance,PS3.6 ,false
1.2.840.10008.1.5.4,PET 20 Step Color Palette SOP Instance,PET20StepPalette,Well-known SOP Instance,PS3.6 ,false
1.2.840.10008.1.5.5,Spring Color Palette SOP Instance,SpringPalette,Well-known SOP Instance,PS3.6 ,false
1.2.840.10008.1.5.6,Summer Color Palette SOP Instance,SummerPalette,Well-known SOP Instance,PS3.6 ,false
1.2.840.10008.1.5.7,Fall Color Palette SOP Instance,FallPalette,Well-known SOP Instance,PS3.6 ,false
1.2.840.10008.1.5.8,Winter Color Palette SOP Instance,WinterPalette,Well-known SOP Instance,PS3.6 ,false
1.2.840.10008.1.9,Basic Study Content Notification SOP Class (Retired),BasicStudyContentNotification,SOP Class,PS3.4 (2004) ,true
1.2.840.10008.1.20,Papyrus 3 Implicit VR Little Endian (Retired),Papyrus3ImplicitVRLittleEndian,Transfer Syntax,(2015c),true
1.2.840.10008.1.20.1,Storage Commitment Push Model SOP Class,StorageCommitmentPushModel,SOP Class,PS3.4 ,false
1.2.840.10008.1.20.1.1,Storage Commitment Push Model SOP Instance,StorageCommitmentPushModelInstance,Well-known SOP Instance,PS3.4 ,false
1.2.840.10008.1.20.2,Storage Commitment Pull Model SOP Class (Retired),StorageCommitmentPullModel,SOP Class,PS3.4 (2001) ,true
1.2.840.10008.1.20.2.1,Storage Commitment Pull Model SOP Instance (Retired),StorageCommitmentPullModelInstance,Well-known SOP Instance,PS3.4 (2001) ,true
1.2.840.10008.1.40,Procedural Event Logging SOP Class,ProceduralEventLogging,SOP Class,PS3.4 ,false
1.2.840.10008.1.40.1,Procedural Event Logging SOP Instance,ProceduralEventLoggingInstance,Well-known SOP Instance,PS3.4 ,false
1.2.840.10008.1.42,Substance Administration Logging SOP Class,SubstanceAdministrationLogging,SOP Class,PS3.4 ,false
1.2.840.10008.1.42.1,Substance Administration Logging SOP Instance,SubstanceAdministrationLoggingInstance,Well-known SOP Instance,PS3.4 ,false
1.2.840.10008.2.6.1,DICOM UID Registry,DCMUID,DICOM UIDs as a Coding Scheme,PS3.6 ,false
1.2.840.10008.2.16.4,DICOM Controlled Terminology,DCM,Coding Scheme,PS3.16 ,false
1.2.840.10008.2.16.5,Adult Mouse Anatomy Ontology,MA,Coding Scheme,PS3.16 ,false
1.2.840.10008.2.16.6,Uberon Ontology,UBERON,Coding Scheme,PS3.16 ,false
1.2.840.10008.2.16.7,Integrated Taxonomic Information System (ITIS) Taxonomic Serial Number (TSN),ITIS_TSN,Coding Scheme,PS3.16 ,false
1.2.840.10008.2.16.8,Mouse Genome Initiative (MGI),MGI,Coding Scheme,PS3.16 ,false
1.2.840.10008.2.16.9,PubChem Compound CID,PUBCHEM_CID,Coding Scheme,PS3.16 ,false
1.2.840.10008.2.16.10,Dublin Core,DC,Coding Scheme,PS3.16 ,false
1.2.840.10008.2.16.11,New York University Melanoma Clinical Cooperative Group,NYUMCCG,Coding Scheme,PS3.16 ,false
1.2.840.10008.2.16.12,Mayo Clinic Non-radiological Images Specific Body Structure Anatomical Surface Region Guide,MAYONRISBSASRG,Coding Scheme,PS3.16 ,false
1.2.840.10008.2.16.13,Image Biomarker Standardisation Initiative,IBSI,Coding Scheme,PS3.16 ,false
1.2.840.10008.2.16.14,Radiomics Ontology,RO,Coding Scheme,PS3.16 ,false
1.2.840.10008.2.16.15,RadElement,RADELEMENT,Coding Scheme,PS3.16 ,false
1.2.840.10008.2.16.16,ICD-11,I11,Coding Scheme,PS3.16 ,false
1.2.840.10008.3.1.1.1,DICOM Application Context Name,DICOMApplicationContext,Application Context Name,PS3.7 ,false
1.2.840.10008.3.1.2.1.1,Detached Patient Management SOP Class (Retired),DetachedPatientManagement,SOP Class,PS3.4 (2004) ,true
1.2.840.10008.3.1.2.1.4,Detached Patient Management Meta SOP Class (Retired),DetachedPatientManagementMeta,Meta SOP Class,PS3.4 (2004) ,true
1.2.840.10008.3.1.2.2.1,Detached Visit Management SOP Class (Retired),DetachedVisitManagement,SOP Class,PS3.4 (2004) ,true
1.2.840.10008.3.1.2.3.1,Detached Study Management SOP Class (Retired),DetachedStudyManagement,SOP Class,PS3.4 (2004) ,true
1.2.840.10008.3.1.2.3.2,Study Component Management SOP Class (Retired),StudyComponentManagement,SOP Class,PS3.4 (2004) ,true
1.2.840.10008.3.1.2.3.3,Modality Performed Procedure Step SOP Class,ModalityPerformedProcedureStep,SOP Class,PS3.4 ,false
1.2.840.10008.3.1.2.3.4,Modality Performed Procedure Step Retrieve SOP Class,ModalityPerformedProcedureStepRetrieve,SOP Class,PS3.4 ,false
1.2.840.10008.3.1.2.3.5,Modality Performed Procedure Step Notification SOP Class,ModalityPerformedProcedureStepNotification,SOP Class,PS3.4 ,false
1.2.840.10008.3.1.2.5.1,Detached Results Management SOP Class (Retired),DetachedResultsManagement,SOP Class,PS3.4 (2004) ,true
1.2.840.10008.3.1.2.5.4,Detached Results Management Meta SOP Class (Retired),DetachedResultsManagementMeta,Meta SOP Class,PS3.4 (2004) ,true
1.2.840.10008.3.1.2.5.5,Detached Study Management Meta SOP Class (Retired),DetachedStudyManagementMeta,Meta SOP Class,PS3.4 (2004) ,true
1.2.840.10008.3.1.2.6.1,Detached Interpretation Management SOP Class (Retired),DetachedInterpretationManagement,SOP Class,PS3.4 (2004) ,true
1.2.840.10008.4.2,Storage Service Class,Storage,Service Class,PS3.4 ,false
1.2.840.10008.5.1.1.1,Basic Film Session SOP Class,BasicFilmSession,SOP Class,PS3.4 ,false
1.2.840.10008.5.1.1.2,Basic Film Box SOP Class,BasicFilmBox,SOP Class,PS3.4 ,false
1.2.840.10008.5.1.1.4,Basic Grayscale Image Box SOP Class,BasicGrayscaleImageBox,SOP Class,PS3.4 ,false
1.2.840.10008.5.1.1.4.1,Basic Color Image Box SOP Class,BasicColorImageBox,SOP Class,PS3.4 ,false
1.2.840.10008.5.1.1.4.2,Referenced Image Box SOP Class (Retired),ReferencedImageBox,SOP Class,PS3.4 (1998) ,true
1.2.840.10008.5.1.1.9,Basic Grayscale Print Management Meta SOP Class,BasicGrayscalePrintManagementMeta,Meta SOP Class,PS3.4 ,false
1.2.840.10008.5.1.1.9.1,Referenced Grayscale Print Management Meta SOP Class (Retired),ReferencedGrayscalePrintManagementMeta,Meta SOP Class,PS3.4 (1998) ,true
1.2.840.10008.5.1.1.14,Print Job SOP Class,PrintJob,SOP Class,PS3.4 ,false
1.2.840.10008.5.1.1.15,Basic Annotation Box SOP Class,BasicAnnotationBox,SOP Class,PS3.4 ,false
1.2.840.10008.5.1.1.16,Printer SOP Class,Printer,SOP Class,PS3.4 ,false
1.2.840.10008.5.1.1.16.376,Printer Configuration Retrieval SOP Class,PrinterConfigurationRetrieval,SOP Class,PS3.4 ,false
1.2.840.10008.5.1.1.17,Printer SOP Instance,PrinterInstance,Well-known Printer SOP Instance,PS3.4 ,false
1.2.840.10008.5.1.1.17.376,Printer Configuration Retrieval SOP Instance,PrinterConfigurationRetrievalInstance,Well-known Printer SOP Instance,PS3.4 ,false
1.2.840.10008.5.1.1.18,Basic Color Print Management Meta SOP Class,BasicColorPrintManagementMeta,Meta SOP Class,PS3.4 ,false
1.2.840.10008.5.1.1.18.1,Referenced Color Print Management Meta SOP Class (Retired),ReferencedColorPrintManagementMeta,Meta SOP Class,PS3.4 (1998) ,true
1.2.840.10008.5.1.1.22,VOI LUT Box SOP Class,VOILUTBox,SOP Class,PS3.4 ,false
1.2.840.10008.5.1.1.23,Presentation LUT SOP Class,PresentationLUT,SOP Class,PS3.4 ,false
1.2.840.10008.5.1.1.24,Image Overlay Box SOP Class (Retired),ImageOverlayBox,SOP Class,PS3.4 (1998) ,true
1.2.840.10008.5.1.1.24.1,Basic Print Image Overlay Box SOP Class (Retired),BasicPrintImageOverlayBox,SOP Class,PS3.4 (2004) ,true
1.2.840.10008.5.1.1.25,Print Queue SOP Instance (Retired),PrintQueue,Well-known Print Queue SOP Instance,PS3.4 (2004) ,true
1.2.840.10008.5.1.1.26,Print Queue Management SOP Class (Retired),PrintQueueManagement,SOP Class,PS3.4 (2004) ,true
1.2.840.10008.5.1.1.27,Stored Print Storage SOP Class (Retired),StoredPrintStorage,SOP Class,PS3.4 (2004) ,true
1.2.840.10008.5.1.1.29,Hardcopy Grayscale Image Storage SOP Class (Retired),HardcopyGrayscaleImageStorage,SOP Class,PS3.4 (2004) ,true
1.2.840.10008.5.1.1.30,Hardcopy Color Image Storage SOP Class (Retired),HardcopyColorImageStorage,SOP Class,PS3.4 (2004) ,true
1.2.840.10008.5.1.1.31,Pull Print Request SOP Class (Retired),PullPrintRequest,SOP Class,PS3.4 (2004) ,true
1.2.840.10008.5.1.1.32,Pull Stored Print Management Meta SOP Class (Retired),PullStoredPrintManagementMeta,Meta SOP Class,PS3.4 (2004) ,true
1.2.840.10008.5.1.1.33,Media Creation Management SOP Class UID,MediaCreationManagement,SOP Class,PS3.4 ,false
1.2.840.10008.5.1.1.40,Display System SOP Class,DisplaySystem,SOP Class,PS3.4 ,false
1.2.840.10008.5.1.1.40.1,Display System SOP Instance,DisplaySystemInstance,Well-known SOP Instance,PS3.4 ,false
1.2.840.10008.5.1.4.1.1.1,Computed Radiography Image Storage,ComputedRadiographyImageStorage,SOP Class,PS3.4 ,false
1.2.840.10008.5.1.4.1.1.1.1,Digital X-Ray Image Storage - For Presentation,DigitalXRayImageStorageForPresentation,SOP Class,PS3.4 ,false
1.2.840.10008.5.1.4.1.1.1.1.1,Digital X-Ray Image Storage - For Processing,DigitalXRayImageStorageForProcessing,SOP Class,PS3.4 ,false
1.2.840.10008.5.1.4.1.1.1.2,Digital Mammography X-Ray Image Storage - For Presentation,DigitalMammographyXRayImageStorageForPresentation,SOP Class,PS3.4 ,false
1.2.840.10008.5.1.4.1.1.1.2.1,Digital Mammography X-Ray Image Storage - For Processing,DigitalMammographyXRayImageStorageForProcessing,SOP Class,PS3.4 ,false
1.2.840.10008.5.1.4.1.1.1.3,Digital Intra-Oral X-Ray Image Storage - For Presentation,DigitalIntraOralXRayImageStorageForPresentation,SOP Class,PS3.4 ,false
1.2.840.10008.5.1.4.1.1.1.3.1,Digital Intra-Oral X-Ray Image Storage - For Processing,DigitalIntraOralXRayImageStorageForProcessing,SOP Class,PS3.4 ,false
1.2.840.10008.5.1.4.1.1.2,CT Image Storage,CTImageStorage,SOP Class,PS3.4 ,false
1.2.840.10008.5.1.4.1.1.2.1,Enhanced CT Image Storage,EnhancedCTImageStorage,SOP Class,PS3.4 ,false
1.2.840.10008.5.1.4.1.1.2.2,Legacy Converted Enhanced CT Image Storage,LegacyConvertedEnhancedCTImageStorage,SOP Class,PS3.4 ,false
1.2.840.10008.5.1.4.1.1.3,Ultrasound Multi-frame Image Storage (Retired),UltrasoundMultiFrameImageStorageRetired,SOP Class,PS3.4 (1993) ,true
1.2.840.10008.5.1.4.1.1.3.1,Ultrasound Multi-frame Image Storage,UltrasoundMultiFrameImageStorage,SOP Class,PS3.4 ,false
1.2.840.10008.5.1.4.1.1.4,MR Image Storage,MRImageStorage,SOP Class,PS3.4 ,false
1.2.840.10008.5.1.4.1.1.4.1,Enhanced MR Image Storage,EnhancedMRImageStorage,SOP Class,PS3.4 ,false
1.2.840.10008.5.1.4.1.1.4.2,MR Spectroscopy Storage,MRSpectroscopyStorage,SOP Class,PS3.4 ,false
1.2.840.10008.5.1.4.1.1.4.3,Enhanced MR Color Image Storage,EnhancedMRColorImageStorage,SOP Class,PS3.4 ,false
1.2.840.10008.5.1.4.1.1.4.4,Legacy Converted Enhanced MR Image Storage,LegacyConvertedEnhancedMRImageStorage,SOP Class,PS3.4 ,false
1.2.840.10008.5.1.4.1.1.5,Nuclear Medicine Image Storage (Retired),NuclearMedicineImageStorageRetired,SOP Class,PS3.4 (1993) ,true
1.2.840.10008.5.1.4.1.1.6,Ultrasound Image Storage (Retired),UltrasoundImageStorageRetired,SOP Class,PS3.4 (1993) ,true
1.2.840.10008.5.1.4.1.1.6.1,Ultrasound Image Storage,UltrasoundImageStorage,SOP Class,PS3.4 ,false
1.2.840.10008.5.1.4.1.1.6.2,Enhanced US Volume Storage,EnhancedUSVolumeStorage,SOP Class,PS3.4 ,false
1.2.840.10008.5.1.4.1.1.7,Secondary Capture Image Storage,SecondaryCaptureImageStorage,SOP Class,PS3.4 ,false
1.2.840.10008.5.1.4.1.1.7.1,Multi-frame Single Bit Secondary Capture Image Storage,MultiFrameSingleBitSecondaryCaptureImageStorage,SOP Class,PS3.4 ,false
1.2.840.10008.5.1.4.1.1.7.2,Multi-frame Grayscale Byte Secondary Capture Image Storage,MultiFrameGrayscaleByteSecondaryCaptureImageStorage,SOP Class,PS3.4 ,false
1.2.840.10008.5.1.4.1.1.7.3,Multi-frame Grayscale Word Secondary Capture Image Storage,MultiFrameGrayscaleWordSecondaryCaptureImageStorage,SOP Class,PS3.4 ,false
1.2.840.10008.5.1.4.1.1.7.4,Multi-frame True Color Secondary Capture Image Storage,MultiFrameTrueColorSecondaryCaptureImageStorage,SOP Class,PS3.4 ,false
1.2.840.10008.5.1.4.1.1.8,Standalone Overlay Storage (Retired),StandaloneOverlayStorage,SOP Class,PS3.4 (2004) ,true
1.2.840.10008.5.1.4.1.1.9,Standalone Curve Storage (Retired),StandaloneCurveStorage,SOP Class,PS3.4 (2004) ,true
1.2.840.10008.5.1.4.1.1.9.1,Waveform Storage - Trial (Retired),WaveformStorageTrial,SOP Class,PS3.4 (2007) ,true
1.2.840.10008.5.1.4.1.1.9.1.1,12-lead ECG Waveform Storage,TwelveLeadECGWaveformStorage,SOP Class,PS3.4 ,false
1.2.840.10008.5.1.4.1.1.9.1.2,General ECG Waveform Storage,GeneralECGWaveformStorage,SOP Class,PS3.4 ,false
1.2.840.10008.5.1.4.1.1.9.1.3,Ambulatory ECG Waveform Storage,AmbulatoryECGWaveformStorage,SOP Class,PS3.4 ,false
1.2.840.10008.5.1.4.1.1.9.2.1,Hemodynamic Waveform Storage,HemodynamicWaveformStorage,SOP Class,PS3.4 ,false
1.2.840.10008.5.1.4.1.1.9.3.1,Cardiac Electrophysiology Waveform Storage,CardiacElectrophysiologyWaveformStorage,SOP Class,PS3.4 ,false
1.2.840.10008.5.1.4.1.1.9.4.1,Basic Voice Audio Waveform Storage,BasicVoiceAudioWaveformStorage,SOP Class,PS3.4 ,false
1.2.840.10008.5.1.4.1.1.9.4.2,General Audio Waveform Storage,GeneralAudioWaveformStorage,SOP Class,PS3.4 ,false
1.2.840.10008.5.1.4.1.1.9.5.1,Arterial Pulse Waveform Storage,ArterialPulseWaveformStorage,SOP Class,PS3.4 ,false
1.2.840.10008.5.1.4.1.1.9.6.1,Respiratory Waveform Storage,RespiratoryWaveformStorage,SOP Class,PS3.4 ,false
1.2.840.10008.5.1.4.1.1.9.6.2,Multi-channel Respiratory Waveform Storage,MultichannelRespiratoryWaveformStorage,SOP Class,PS3.4 ,false
1.2.840.10008.5.1.4.1.1.9.7.1,Routine Scalp Electroencephalogram Waveform Storage,RoutineScalpElectroencephalogramWaveformStorage,SOP Class,PS3.4 ,false
1.2.840.10008.5.1.4.1.1.9.7.2,Electromyogram Waveform Storage,ElectromyogramWaveformStorage,SOP Class,PS3.4 ,false
1.2.840.10008.5.1.4.1.1.9.7.3,Electrooculogram Waveform Storage,ElectrooculogramWaveformStorage,SOP Class,PS3.4 ,false
1.2.840.10008.5.1.4.1.1.9.7.4,Sleep Electroencephalogram Waveform Storage,SleepElectroencephalogramWaveformStorage,SOP Class,PS3.4 ,false
1.2.840.10008.5.1.4.1.1.9.8.1,Body Position Waveform Storage,BodyPositionWaveformStorage,SOP Class,PS3.4 ,false
1.2.840.10008.5.1.4.1.1.10,Standalone Modality LUT Storage (Retired),StandaloneModalityLUTStorage,SOP Class,PS3.4 (2004) ,true
1.2.840.10008.5.1.4.1.1.11,Standalone VOI LUT Storage (Retired),StandaloneVOILUTStorage,SOP Class,PS3.4 (2004) ,true
1.2.840.10008.5.1.4.1.1.11.1,Grayscale Softcopy Presentation State Storage,GrayscaleSoftcopyPresentationStateStorage,SOP Class,PS3.4 ,false
1.2.840.10008.5.1.4.1.1.11.2,Color Softcopy Presentation State Storage,ColorSoftcopyPresentationStateStorage,SOP Class,PS3.4 ,false
1.2.840.10008.5.1.4.1.1.11.3,Pseudo-Color Softcopy Presentation State Storage,PseudoColorSoftcopyPresentationStateStorage,SOP Class,PS3.4 ,false
1.2.840.10008.5.1.4.1.1.11.4,Blending Softcopy Presentation State Storage,BlendingSoftcopyPresentationStateStorage,SOP Class,PS3.4 ,false
1.2.840.10008.5.1.4.1.1.11.5,XA/XRF Grayscale Softcopy Presentation State Storage,XAXRFGrayscaleSoftcopyPresentationStateStorage,SOP Class,PS3.4 ,false
1.2.840.10008.5.1.4.1.1.11.6,Grayscale Planar MPR Volumetric Presentation State Storage,GrayscalePlanarMPRVolumetricPresentationStateStorage,SOP Class,PS3.4 ,false
1.2.840.10008.5.1.4.1.1.11.7,Compositing Planar MPR Volumetric Presentation State Storage,CompositingPlanarMPRVolumetricPresentationStateStorage,SOP Class,PS3.4 ,false
1.2.840.10008.5.1.4.1.1.11.8,Advanced Blending Presentation State Storage,AdvancedBlendingPresentationStateStorage,SOP Class,PS3.4 ,false
1.2.840.10008.5.1.4.1.1.11.9,Volume Rendering Volumetric Presentation State Storage,VolumeRenderingVolumetricPresentationStateStorage,SOP Class,PS3.4 ,false
1.2.840.10008.5.1.4.1.1.11.10,Segmented Volume Rendering Volumetric Presentation State Storage,SegmentedVolumeRenderingVolumetricPresentationStateStorage,SOP Class,PS3.4 ,false
1.2.840.10008.5.1.4.1.1.11.11,Multiple Volume Rendering Volumetric Presentation State Storage,MultipleVolumeRenderingVolumetricPresentationStateStorage,SOP Class,PS3.4 ,false
1.2.840.10008.5.1.4.1.1.12.1,X-Ray Angiographic Image Storage,XRayAngiographicImageStorage,SOP Class,PS3.4 ,false
1.2.840.10008.5.1.4.1.1.12.1.1,Enhanced XA Image Storage,EnhancedXAImageStorage,SOP Class,PS3.4 ,false
1.2.840.10008.5.1.4.1.1.12.2,X-Ray Radiofluoroscopic Image Storage,XRayRadiofluoroscopicImageStorage,SOP Class,PS3.4 ,false
1.2.840.10008.5.1.4.1.1.12.2.1,Enhanced XRF Image Storage,EnhancedXRFImageStorage,SOP Class,PS3.4 ,false
1.2.840.10008.5.1.4.1.1.12.3,X-Ray Angiographic Bi-Plane Image Storage (Retired),XRayAngiographicBiPlaneImageStorage,SOP Class,PS3.4 (1998) ,true
1.2.840.10008.5.1.4.1.1.12.77,(Retired),,SOP Class,(2015c),true
1.2.840.10008.5.1.4.1.1.13.1.1,X-Ray 3D Angiographic Image Storage,XRay3DAngiographicImageStorage,SOP Class,PS3.4 ,false
1.2.840.10008.5.1.4.1.1.13.1.2,X-Ray 3D Craniofacial Image Storage,XRay3DCraniofacialImageStorage,SOP Class,PS3.4 ,false
1.2.840.10008.5.1.4.1.1.13.1.3,Breast Tomosynthesis Image Storage,BreastTomosynthesisImageStorage,SOP Class,PS3.4 ,false
1.2.840.10008.5.1.4.1.1.13.1.4,Breast Projection X-Ray Image Storage - For Presentation,BreastProjectionXRayImageStorageForPresentation,SOP Class,PS3.4 ,false
1.2.840.10008.5.1.4.1.1.13.1.5,Breast Projection X-Ray Image Storage - For Processing,BreastProjectionXRayImageStorageForProcessing,SOP Class,PS3.4 ,false
1.2.840.10008.5.1.4.1.1.14.1,Intravascular Optical Coherence Tomography Image Storage - For Presentation,IntravascularOpticalCoherenceTomographyImageStorageForPresentation,SOP Class,PS3.4 ,false
1.2.840.10008.5.1.4.1.1.14.2,Intravascular Optical Coherence Tomography Image Storage - For Processing,IntravascularOpticalCoherenceTomographyImageStorageForProcessing,SOP Class,PS3.4 ,false
1.2.840.10008.5.1.4.1.1.20,Nuclear Medicine Image Storage,NuclearMedicineImageStorage,SOP Class,PS3.4 ,false
1.2.840.10008.5.1.4.1.1.30,Parametric Map Storage,ParametricMapStorage,SOP Class,PS3.4 ,false
1.2.840.10008.5.1.4.1.1.40,(Retired),,SOP Class,(2015c),true
1.2.840.10008.5.1.4.1.1.66,Raw Data Storage,RawDataStorage,SOP Class,PS3.4 ,false
1.2.840.10008.5.1.4.1.1.66.1,Spatial Registration Storage,SpatialRegistrationStorage,SOP Class,PS3.4 ,false
1.2.840.10008.5.1.4.1.1.66.2,Spatial Fiducials Storage,SpatialFiducialsStorage,SOP Class,PS3.4 ,false
1.2.840.10008.5.1.4.1.1.66.3,Deformable Spatial Registration Storage,DeformableSpatialRegistrationStorage,SOP Class,PS3.4 ,false
1.2.840.10008.5.1.4.1.1.66.4,Segmentation Storage,SegmentationStorage,SOP Class,PS3.4 ,false
1.2.840.10008.5.1.4.1.1.66.5,Surface Segmentation Storage,SurfaceSegmentationStorage,SOP Class,PS3.4 ,false
1.2.840.10008.5.1.4.1.1.66.6,Tractography Results Storage,TractographyResultsStorage,SOP Class,PS3.4 ,false
1.2.840.10008.5.1.4.1.1.67,Real World Value Mapping Storage,RealWorldValueMappingStorage,SOP Class,PS3.4 ,false
1.2.840.10008.5.1.4.1.1.68.1,Surface Scan Mesh Storage,SurfaceScanMeshStorage,SOP Class,PS3.4 ,false
1.2.840.10008.5.1.4.1.1.68.2,Surface Scan Point Cloud Storage,SurfaceScanPointCloudStorage,SOP Class,PS3.4 ,false
1.2.840.10008.5.1.4.1.1.77.1,VL Image Storage - Trial (Retired),VLImageStorageTrial,SOP Class,PS3.4 (1998) ,true
1.2.840.10008.5.1.4.1.1.77.2,VL Multi-frame Image Storage - Trial (Retired),VLMultiFrameImageStorageTrial,SOP Class,PS3.4 (1998) ,true
1.2.840.10008.5.1.4.1.1.77.1.1,VL Endoscopic Image Storage,VLEndoscopicImageStorage,SOP Class,PS3.4 ,false
1.2.840.10008.5.1.4.1.1.77.1.1.1,Video Endoscopic Image Storage,VideoEndoscopicImageStorage,SOP Class,PS3.4 ,false
1.2.840.10008.5.1.4.1.1.77.1.2,VL Microscopic Image Storage,VLMicroscopicImageStorage,SOP Class,PS3.4 ,false
1.2.840.10008.5.1.4.1.1.77.1.2.1,Video Microscopic Image Storage,VideoMicroscopicImageStorage,SOP Class,PS3.4 ,false
1.2.840.10008.5.1.4.1.1.77.1.3,VL Slide-Coordinates Microscopic Image Storage,VLSlideCoordinatesMicroscopicImageStorage,SOP Class,PS3.4 ,false
1.2.840.10008.5.1.4.1.1.77.1.4,VL Photographic Image Storage,VLPhotographicImageStorage,SOP Class,PS3.4 ,false
1.2.840.10008.5.1.4.1.1.77.1.4.1,Video Photographic Image Storage,VideoPhotographicImageStorage,SOP Class,PS3.4 ,false
1.2.840.10008.5.1.4.1.1.77.1.5.1,Ophthalmic Photography 8 Bit Image Storage,OphthalmicPhotography8BitImageStorage,SOP Class,PS3.4 ,false
1.2.840.10008.5.1.4.1.1.77.1.5.2,Ophthalmic Photography 16 Bit Image Storage,OphthalmicPhotography16BitImageStorage,SOP Class,PS3.4 ,false
1.2.840.10008.5.1.4.1.1.77.1.5.3,Stereometric Relationship Storage,StereometricRelationshipStorage,SOP Class,PS3.4 ,false
1.2.840.10008.5.1.4.1.1.77.1.5.4,Ophthalmic Tomography Image Storage,OphthalmicTomographyImageStorage,SOP Class,PS3.4 ,false
1.2.840.10008.5.1.4.1.1.77.1.5.5,Wide Field Ophthalmic Photography Stereographic Projection Image Storage,WideFieldOphthalmicPhotographyStereographicProjectionImageStorage,SOP Class,PS3.4 ,false
1.2.840.10008.5.1.4.1.1.77.1.5.6,Wide Field Ophthalmic Photography 3D Coordinates Image Storage,WideFieldOphthalmicPhotography3DCoordinatesImageStorage,SOP Class,PS3.4 ,false
1.2.840.10008.5.1.4.1.1.77.1.5.7,Ophthalmic Optical Coherence Tomography En Face Image Storage,OphthalmicOpticalCoherenceTomographyEnFaceImageStorage,SOP Class,PS3.4 ,false
1.2.840.10008.5.1.4.1.1.77.1.5.8,Ophthalmic Optical Coherence Tomography B-scan Volume Analysis Storage,OphthalmicOpticalCoherenceTomographyBscanVolumeAnalysisStorage,SOP Class,PS3.4 ,false
1.2.840.10008.5.1.4.1.1.77.1.6,VL Whole Slide Microscopy Image Storage,VLWholeSlideMicroscopyImageStorage,SOP Class,PS3.4 ,false
1.2.840.10008.5.1.4.1.1.77.1.7,Dermoscopic Photography Image Storage,DermoscopicPhotographyImageStorage,SOP Class,PS3.4 ,false
1.2.840.10008.5.1.4.1.1.78.1,Lensometry Measurements Storage,LensometryMeasurementsStorage,SOP Class,PS3.4 ,false
1.2.840.10008.5.1.4.1.1.78.2,Autorefraction Measurements Storage,AutorefractionMeasurementsStorage,SOP Class,PS3.4 ,false
1.2.840.10008.5.1.4.1.1.78.3,Keratometry Measurements Storage,KeratometryMeasurementsStorage,SOP Class,PS3.4 ,false
1.2.840.10008.5.1.4.1.1.78.4,Subjective Refraction Measurements Storage,SubjectiveRefractionMeasurementsStorage,SOP Class,PS3.4 ,false
1.2.840.10008.5.1.4.1.1.78.5,Visual Acuity Measurements Storage,VisualAcuityMeasurementsStorage,SOP Class,PS3.4 ,false
1.2.840.10008.5.1.4.1.1.78.6,Spectacle Prescription Report Storage,SpectaclePrescriptionReportStorage,SOP Class,PS3.4 ,false
1.2.840.10008.5.1.4.1.1.78.7,Ophthalmic Axial Measurements Storage,OphthalmicAxialMeasurementsStorage,SOP Class,PS3.4 ,false
1.2.840.10008.5.1.4.1.1.78.8,Intraocular Lens Calculations Storage,IntraocularLensCalculationsStorage,SOP Class,PS3.4 ,false
1.2.840.10008.5.1.4.1.1.79.1,Macular Grid Thickness and Volume Report Storage,MacularGridThicknessAndVolumeReportStorage,SOP Class,PS3.4 ,false
1.2.840.10008.5.1.4.1.1.80.1,Ophthalmic Visual Field Static Perimetry Measurements Storage,OphthalmicVisualFieldStaticPerimetryMeasurementsStorage,SOP Class,PS3.4 ,false
1.2.840.10008.5.1.4.1.1.81.1,Ophthalmic Thickness Map Storage,OphthalmicThicknessMapStorage,SOP Class,PS3.4 ,false
1.2.840.10008.5.1.4.1.1.82.1,Corneal Topography Map Storage,CornealTopographyMapStorage,SOP Class,PS3.4 ,false
1.2.840.10008.5.1.4.1.1.88.1,Text SR Storage - Trial (Retired),TextSRStorageTrial,SOP Class,PS3.4 (2007) ,true
1.2.840.10008.5.1.4.1.1.88.2,Audio SR Storage - Trial (Retired),AudioSRStorageTrial,SOP Class,PS3.4 (2007) ,true
1.2.840.10008.5.1.4.1.1.88.3,Detail SR Storage - Trial (Retired),DetailSRStorageTrial,SOP Class,PS3.4 (2007) ,true
1.2.840.10008.5.1.4.1.1.88.4,Comprehensive SR Storage - Trial (Retired),ComprehensiveSRStorageTrial,SOP Class,PS3.4 (2007) ,true
1.2.840.10008.5.1.4.1.1.88.11,Basic Text SR Storage,BasicTextSRStorage,SOP Class,PS3.4 ,false
1.2.840.10008.5.1.4.1.1.88.22,Enhanced SR Storage,EnhancedSRStorage,SOP Class,PS3.4 ,false
1.2.840.10008.5.1.4.1.1.88.33,Comprehensive SR Storage,ComprehensiveSRStorage,SOP Class,PS3.4 ,false
1.2.840.10008.5.1.4.1.1.88.34,Comprehensive 3D SR Storage,Comprehensive3DSRStorage,SOP Class,PS3.4 ,false
1.2.840.10008.5.1.4.1.1.88.35,Extensible SR Storage,ExtensibleSRStorage,SOP Class,PS3.4 ,false
1.2.840.10008.5.1.4.1.1.88.40,Procedure Log Storage,ProcedureLogStorage,SOP Class,PS3.4 ,false
1.2.840.10008.5.1.4.1.1.88.50,Mammography CAD SR Storage,MammographyCADSRStorage,SOP Class,PS3.4 ,false
1.2.840.10008.5.1.4.1.1.88.59,Key Object Selection Document Storage,KeyObjectSelectionDocumentStorage,SOP Class,PS3.4 ,false
1.2.840.10008.5.1.4.1.1.88.65,Chest CAD SR Storage,ChestCADSRStorage,SOP Class,PS3.4 ,false
1.2.840.10008.5.1.4.1.1.88.67,X-Ray Radiation Dose SR Storage,XRayRadiationDoseSRStorage,SOP Class,PS3.4 ,false
1.2.840.10008.5.1.4.1.1.88.68,Radiopharmaceutical Radiation Dose SR Storage,RadiopharmaceuticalRadiationDoseSRStorage,SOP Class,PS3.4 ,false
1.2.840.10008.5.1.4.1.1.88.69,Colon CAD SR Storage,ColonCADSRStorage,SOP Class,PS3.4 ,false
1.2.840.10008.5.1.4.1.1.88.70,Implantation Plan SR Storage,ImplantationPlanSRStorage,SOP Class,PS3.4 ,false
1.2.840.10008.5.1.4.1.1.88.71,Acquisition Context SR Storage,AcquisitionContextSRStorage,SOP Class,PS3.4 ,false
1.2.840.10008.5.1.4.1.1.88.72,Simplified Adult Echo SR Storage,SimplifiedAdultEchoSRStorage,SOP Class,PS3.4 ,false
1.2.840.10008.5.1.4.1.1.88.73,Patient Radiation Dose SR Storage,PatientRadiationDoseSRStorage,SOP Class,PS3.4 ,false
1.2.840.10008.5.1.4.1.1.88.74,Planned Imaging Agent Administration SR Storage,PlannedImagingAgentAdministrationSRStorage,SOP Class,PS3.4 ,false
1.2.840.10008.5.1.4.1.1.88.75,Performed Imaging Agent Administration SR Storage,PerformedImagingAgentAdministrationSRStorage,SOP Class,PS3.4 ,false
1.2.840.10008.5.1.4.1.1.90.1,Content Assessment Results Storage,ContentAssessmentResultsStorage,SOP Class,PS3.4 ,false
1.2.840.10008.5.1.4.1.1.104.1,Encapsulated PDF Storage,EncapsulatedPDFStorage,SOP Class,PS3.4 ,false
1.2.840.10008.5.1.4.1.1.104.2,Encapsulated CDA Storage,EncapsulatedCDAStorage,SOP Class,PS3.4 ,false
1.2.840.10008.5.1.4.1.1.104.3,Encapsulated STL Storage,EncapsulatedSTLStorage,SOP Class,PS3.4 ,false
1.2.840.10008.5.1.4.1.1.104.4,Encapsulated OBJ Storage,EncapsulatedOBJStorage,SOP Class,PS3.4 ,false
1.2.840.10008.5.1.4.1.1.104.5,Encapsulated MTL Storage,EncapsulatedMTLStorage,SOP Class,PS3.4 ,false
1.2.840.10008.5.1.4.1.1.128,Positron Emission Tomography Image Storage,PositronEmissionTomographyImageStorage,SOP Class,PS3.4 ,false
1.2.840.10008.5.1.4.1.1.128.1,Legacy Converted Enhanced PET Image Storage,LegacyConvertedEnhancedPETImageStorage,SOP Class,PS3.4 ,false
1.2.840.10008.5.1.4.1.1.129,Standalone PET Curve Storage (Retired),StandalonePETCurveStorage,SOP Class,PS3.4 (2004) ,true
1.2.840.10008.5.1.4.1.1.130,Enhanced PET Image Storage,EnhancedPETImageStorage,SOP Class,PS3.4 ,false
1.2.840.10008.5.1.4.1.1.131,Basic Structured Display Storage,BasicStructuredDisplayStorage,SOP Class,PS3.4 ,false
1.2.840.10008.5.1.4.1.1.200.1,CT Defined Procedure Protocol Storage,CTDefinedProcedureProtocolStorage,SOP Class,PS3.4 ,false
1.2.840.10008.5.1.4.1.1.200.2,CT Performed Procedure Protocol Storage,CTPerformedProcedureProtocolStorage,SOP Class,PS3.4 ,false
1.2.840.10008.5.1.4.1.1.200.3,Protocol Approval Storage,ProtocolApprovalStorage,SOP Class,PS3.4 ,false
1.2.840.10008.5.1.4.1.1.200.4,Protocol Approval Information Model - FIND,ProtocolApprovalInformationModelFind,SOP Class,PS3.4 ,false
1.2.840.10008.5.1.4.1.1.200.5,Protocol Approval Information Model - MOVE,ProtocolApprovalInformationModelMove,SOP Class,PS3.4 ,false
1.2.840.10008.5.1.4.1.1.200.6,Protocol Approval Information Model - GET,ProtocolApprovalInformationModelGet,SOP Class,PS3.4 ,false
1.2.840.10008.5.1.4.1.1.200.7,XA Defined Procedure Protocol Storage,XADefinedProcedureProtocolStorage,SOP Class,PS3.4 ,false
1.2.840.10008.5.1.4.1.1.200.8,XA Performed Procedure Protocol Storage,XAPerformedProcedureProtocolStorage,SOP Class,PS3.4 ,false
1.2.840.10008.5.1.4.1.1.481.1,RT Image Storage,RTImageStorage,SOP Class,PS3.4 ,false
1.2.840.10008.5.1.4.1.1.481.2,RT Dose Storage,RTDoseStorage,SOP Class,PS3.4 ,false
1.2.840.10008.5.1.4.1.1.481.3,RT Structure Set Storage,RTStructureSetStorage,SOP Class,PS3.4 ,false
1.2.840.10008.5.1.4.1.1.481.4,RT Beams Treatment Record Storage,RTBeamsTreatmentRecordStorage,SOP Class,PS3.4 ,false
1.2.840.10008.5.1.4.1.1.481.5,RT Plan Storage,RTPlanStorage,SOP Class,PS3.4 ,false
1.2.840.10008.5.1.4.1.1.481.6,RT Brachy Treatment Record Storage,RTBrachyTreatmentRecordStorage,SOP Class,PS3.4 ,false
1.2.840.10008.5.1.4.1.1.481.7,RT Treatment Summary Record Storage,RTTreatmentSummaryRecordStorage,SOP Class,PS3.4 ,false
1.2.840.10008.5.1.4.1.1.481.8,RT Ion Plan Storage,RTIonPlanStorage,SOP Class,PS3.4 ,false
1.2.840.10008.5.1.4.1.1.481.9,RT Ion Beams Treatment Record Storage,RTIonBeamsTreatmentRecordStorage,SOP Class,PS3.4 ,false
1.2.840.10008.5.1.4.1.1.481.10,RT Physician Intent Storage,RTPhysicianIntentStorage,SOP Class,PS3.4 ,false
1.2.840.10008.5.1.4.1.1.481.11,RT Segment Annotation Storage,RTSegmentAnnotationStorage,SOP Class,PS3.4 ,false
1.2.840.10008.5.1.4.1.1.481.12,RT Radiation Set Storage,RTRadiationSetStorage,SOP Class,PS3.4 ,false
1.2.840.10008.5.1.4.1.1.481.13,C-Arm Photon-Electron Radiation Storage,CArmPhotonElectronRadiationStorage,SOP Class,PS3.4 ,false
1.2.840.10008.5.1.4.1.1.481.14,Tomotherapeutic Radiation Storage,TomotherapeuticRadiationStorage,SOP Class,PS3.4 ,false
1.2.840.10008.5.1.4.1.1.481.15,Robotic-Arm Radiation Storage,RoboticArmRadiationStorage,SOP Class,PS3.4 ,false
1.2.840.10008.5.1.4.1.1.481.16,RT Radiation Record Set Storage,RTRadiationRecordSetStorage,SOP Class,PS3.4 ,false
1.2.840.10008.5.1.4.1.1.481.17,RT Radiation Salvage Record Storage,RTRadiationSalvageRecordStorage,SOP Class,PS3.4 ,false
1.2.840.10008.5.1.4.1.1.481.18,Tomotherapeutic Radiation Record Storage,TomotherapeuticRadiationRecordStorage,SOP Class,PS3.4 ,false
1.2.840.10008.5.1.4.1.1.481.19,C-Arm Photon-Electron Radiation Record Storage,CArmPhotonElectronRadiationRecordStorage,SOP Class,PS3.4 ,false
1.2.840.10008.5.1.4.1.1.481.20,Robotic Radiation Record Storage,RoboticRadiationRecordStorage,SOP Class,PS3.4 ,false
1.2.840.10008.5.1.4.1.1.501.1,DICOS CT Image Storage,DICOSCTImageStorage,SOP Class,DICOS,false
1.2.840.10008.5.1.4.1.1.501.2.1,DICOS Digital X-Ray Image Storage - For Presentation,DICOSDigitalXRayImageStorageForPresentation,SOP Class,DICOS,false
1.2.840.10008.5.1.4.1.1.501.2.2,DICOS Digital X-Ray Image Storage - For Processing,DICOSDigitalXRayImageStorageForProcessing,SOP Class,DICOS,false
1.2.840.10008.5.1.4.1.1.501.3,DICOS Threat Detection Report Storage,DICOSThreatDetectionReportStorage,SOP Class,DICOS,false
1.2.840.10008.5.1.4.1.1.501.4,DICOS 2D AIT Storage,DICOS2DAITStorage,SOP Class,DICOS,false
1.2.840.10008.5.1.4.1.1.501.5,DICOS 3D AIT Storage,DICOS3DAITStorage,SOP Class,DICOS,false
1.2.840.10008.5.1.4.1.1.501.6,DICOS Quadrupole Resonance (QR) Storage,DICOSQuadrupoleResonanceStorage,SOP Class,DICOS,false
1.2.840.10008.5.1.4.1.1.601.1,Eddy Current Image Storage,EddyCurrentImageStorage,SOP Class,DICONDE ASTM E2934,false
1.2.840.10008.5.1.4.1.1.601.2,Eddy Current Multi-frame Image Storage,EddyCurrentMultiFrameImageStorage,SOP Class,DICONDE ASTM E2934,false
1.2.840.10008.5.1.4.1.2.1.1,Patient Root Query/Retrieve Information Model - FIND,PatientRootQueryRetrieveInformationModelFind,SOP Class,PS3.4 ,false
1.2.840.10008.5.1.4.1.2.1.2,Patient Root Query/Retrieve Information Model - MOVE,PatientRootQueryRetrieveInformationModelMove,SOP Class,PS3.4 ,false
1.2.840.10008.5.1.4.1.2.1.3,Patient Root Query/Retrieve Information Model - GET,PatientRootQueryRetrieveInformationModelGet,SOP Class,PS3.4 ,false
1.2.840.10008.5.1.4.1.2.2.1,Study Root Query/Retrieve Information Model - FIND,StudyRootQueryRetrieveInformationModelFind,SOP Class,PS3.4 ,false
1.2.840.10008.5.1.4.1.2.2.2,Study Root Query/Retrieve Information Model - MOVE,StudyRootQueryRetrieveInformationModelMove,SOP Class,PS3.4 ,false
1.2.840.10008.5.1.4.1.2.2.3,Study Root Query/Retrieve Information Model - GET,StudyRootQueryRetrieveInformationModelGet,SOP Class,PS3.4 ,false
1.2.840.10008.5.1.4.1.2.3.1,Patient/Study Only Query/Retrieve Information Model - FIND (Retired),PatientStudyOnlyQueryRetrieveInformationModelFind,SOP Class,PS3.4 (2004) ,true
1.2.840.10008.5.1.4.1.2.3.2,Patient/Study Only Query/Retrieve Information Model - MOVE (Retired),PatientStudyOnlyQueryRetrieveInformationModelMove,SOP Class,PS3.4 (2004) ,true
1.2.840.10008.5.1.4.1.2.3.3,Patient/Study Only Query/Retrieve Information Model - GET (Retired),PatientStudyOnlyQueryRetrieveInformationModelGet,SOP Class,PS3.4 (2004) ,true
1.2.840.10008.5.1.4.1.2.4.2,Composite Instance Root Retrieve - MOVE,CompositeInstanceRootRetrieveMove,SOP Class,PS3.4 ,false
1.2.840.10008.5.1.4.1.2.4.3,Composite Instance Root Retrieve - GET,CompositeInstanceRootRetrieveGet,SOP Class,PS3.4 ,false
1.2.840.10008.5.1.4.1.2.5.3,Composite Instance Retrieve Without Bulk Data - GET,CompositeInstanceRetrieveWithoutBulkDataGet,SOP Class,PS3.4 ,false
1.2.840.10008.5.1.4.20.1,Defined Procedure Protocol Information Model - FIND,DefinedProcedureProtocolInformationModelFind,SOP Class,PS3.4 ,false
1.2.840.10008.5.1.4.20.2,Defined Procedure Protocol Information Model - MOVE,DefinedProcedureProtocolInformationModelMove,SOP Class,PS3.4 ,false
1.2.840.10008.5.1.4.20.3,Defined Procedure Protocol Information Model - GET,DefinedProcedureProtocolInformationModelGet,SOP Class,PS3.4 ,false
1.2.840.10008.5.1.4.31,Modality Worklist Information Model - FIND,ModalityWorklistInformationModelFind,SOP Class,PS3.4 ,false
1.2.840.10008.5.1.4.32,General Purpose Worklist Management Meta SOP Class (Retired),GeneralPurposeWorklistManagementMeta,Meta SOP Class,PS3.4 (2011) ,true
1.2.840.10008.5.1.4.32.1,General Purpose Worklist Information Model - FIND (Retired),GeneralPurposeWorklistInformationModelFind,SOP Class,PS3.4 (2011) ,true
1.2.840.10008.5.1.4.32.2,General Purpose Scheduled Procedure Step SOP Class (Retired),GeneralPurposeScheduledProcedureStep,SOP Class,PS3.4 (2011) ,true
1.2.840.10008.5.1.4.32.3,General Purpose Performed Procedure Step SOP Class (Retired),GeneralPurposePerformedProcedureStep,SOP Class,PS3.4 (2011) ,true
1.2.840.10008.5.1.4.33,Instance Availability Notification SOP Class,InstanceAvailabilityNotification,SOP Class,PS3.4 ,false
1.2.840.10008.5.1.4.34.1,RT Beams Delivery Instruction Storage - Trial (Retired),RTBeamsDeliveryInstructionStorageTrial,SOP Class,PS3.4 (2009) ,true
1.2.840.10008.5.1.4.34.2,RT Conventional Machine Verification - Trial (Retired),RTConventionalMachineVerificationTrial,SOP Class,PS3.4 (2009) ,true
1.2.840.10008.5.1.4.34.3,RT Ion Machine Verification - Trial (Retired),RTIonMachineVerificationTrial,SOP Class,PS3.4 (2009) ,true
1.2.840.10008.5.1.4.34.4,Unified Worklist and Procedure Step Service Class - Trial (Retired),UnifiedWorklistAndProcedureStepTrial,Service Class,PS3.4 (2009) ,true
1.2.840.10008.5.1.4.34.4.1,Unified Procedure Step - Push SOP Class - Trial (Retired),UnifiedProcedureStepPushTrial,SOP Class,PS3.4 (2009) ,true
1.2.840.10008.5.1.4.34.4.2,Unified Procedure Step - Watch SOP Class - Trial (Retired),UnifiedProcedureStepWatchTrial,SOP Class,PS3.4 (2009) ,true
1.2.840.10008.5.1.4.34.4.3,Unified Procedure Step - Pull SOP Class - Trial (Retired),UnifiedProcedureStepPullTrial,SOP Class,PS3.4 (2009) ,true
1.2.840.10008.5.1.4.34.4.4,Unified Procedure Step - Event SOP Class - Trial (Retired),UnifiedProcedureStepEventTrial,SOP Class,PS3.4 (2009) ,true
1.2.840.10008.5.1.4.34.5,UPS Global Subscription SOP Instance,UPSGlobalSubscriptionInstance,Well-known SOP Instance,PS3.4 ,false
1.2.840.10008.5.1.4.34.5.1,UPS Filtered Global Subscription SOP Instance,UPSFilteredGlobalSubscriptionInstance,Well-known SOP Instance,PS3.4 ,false
1.2.840.10008.5.1.4.34.6,Unified Worklist and Procedure Step Service Class,UnifiedWorklistAndProcedureStep,Service Class,PS3.4 ,false
1.2.840.10008.5.1.4.34.6.1,Unified Procedure Step - Push SOP Class,UnifiedProcedureStepPush,SOP Class,PS3.4 ,false
1.2.840.10008.5.1.4.34.6.2,Unified Procedure Step - Watch SOP Class,UnifiedProcedureStepWatch,SOP Class,PS3.4 ,false
1.2.840.10008.5.1.4.34.6.3,Unified Procedure Step - Pull SOP Class,UnifiedProcedureStepPull,SOP Class,PS3.4 ,false
1.2.840.10008.5.1.4.34.6.4,Unified Procedure Step - Event SOP Class,UnifiedProcedureStepEvent,SOP Class,PS3.4 ,false
1.2.840.10008.5.1.4.34.6.5,Unified Procedure Step - Query SOP Class,UnifiedProcedureStepQuery,SOP Class,PS3.4 ,false
1.2.840.10008.5.1.4.34.7,RT Beams Delivery Instruction Storage,RTBeamsDeliveryInstructionStorage,SOP Class,PS3.4 ,false
1.2.840.10008.5.1.4.34.8,RT Conventional Machine Verification,RTConventionalMachineVerification,SOP Class,PS3.4 ,false
1.2.840.10008.5.1.4.34.9,RT Ion Machine Verification,RTIonMachineVerification,SOP Class,PS3.4 ,false
1.2.840.10008.5.1.4.34.10,RT Brachy Application Setup Delivery Instruction Storage,RTBrachyApplicationSetupDeliveryInstructionStorage,SOP Class,PS3.4 ,false
1.2.840.10008.5.1.4.37.1,General Relevant Patient Information Query,GeneralRelevantPatientInformationQuery,SOP Class,PS3.4 ,false
1.2.840.10008.5.1.4.37.2,Breast Imaging Relevant Patient Information Query,BreastImagingRelevantPatientInformationQuery,SOP Class,PS3.4 ,false
1.2.840.10008.5.1.4.37.3,Cardiac Relevant Patient Information Query,CardiacRelevantPatientInformationQuery,SOP Class,PS3.4 ,false
1.2.840.10008.5.1.4.38.1,Hanging Protocol Storage,HangingProtocolStorage,SOP Class,PS3.4 ,false
1.2.840.10008.5.1.4.38.2,Hanging Protocol Information Model - FIND,HangingProtocolInformationModelFind,SOP Class,PS3.4 ,false
1.2.840.10008.5.1.4.38.3,Hanging Protocol Information Model - MOVE,HangingProtocolInformationModelMove,SOP Class,PS3.4 ,false
1.2.840.10008.5.1.4.38.4,Hanging Protocol Information Model - GET,HangingProtocolInformationModelGet,SOP Class,PS3.4 ,false
1.2.840.10008.5.1.4.39.1,Color Palette Storage,ColorPaletteStorage,SOP Class,PS3.4 ,false
1.2.840.10008.5.1.4.39.2,Color Palette Query/Retrieve Information Model - FIND,ColorPaletteQueryRetrieveInformationModelFind,SOP Class,PS3.4 ,false
1.2.840.10008.5.1.4.39.3,Color Palette Query/Retrieve Information Model - MOVE,ColorPaletteQueryRetrieveInformationModelMove,SOP Class,PS3.4 ,false
1.2.840.10008.5.1.4.39.4,Color Palette Query/Retrieve Information Model - GET,ColorPaletteQueryRetrieveInformationModelGet,SOP Class,PS3.4 ,false
1.2.840.10008.5.1.4.41,Product Characteristics Query SOP Class,ProductCharacteristicsQuery,SOP Class,PS3.4 ,false
1.2.840.10008.5.1.4.42,Substance Approval Query SOP Class,SubstanceApprovalQuery,SOP Class,PS3.4 ,false
1.2.840.10008.5.1.4.43.1,Generic Implant Template Storage,GenericImplantTemplateStorage,SOP Class,PS3.4 ,false
1.2.840.10008.5.1.4.43.2,Generic Implant Template Information Model - FIND,GenericImplantTemplateInformationModelFind,SOP Class,PS3.4 ,false
1.2.840.10008.5.1.4.43.3,Generic Implant Template Information Model - MOVE,GenericImplantTemplateInformationModelMove,SOP Class,PS3.4 ,false
1.2.840.10008.5.1.4.43.4,Generic Implant Template Information Model - GET,GenericImplantTemplateInformationModelGet,SOP Class,PS3.4 ,false
1.2.840.10008.5.1.4.44.1,Implant Assembly Template Storage,ImplantAssemblyTemplateStorage,SOP Class,PS3.4 ,false
1.2.840.10008.5.1.4.44.2,Implant Assembly Template Information Model - FIND,ImplantAssemblyTemplateInformationModelFind,SOP Class,PS3.4 ,false
1.2.840.10008.5.1.4.44.3,Implant Assembly Template Information Model - MOVE,ImplantAssemblyTemplateInformationModelMove,SOP Class,PS3.4 ,false
1.2.840.10008.5.1.4.44.4,Implant Assembly Template Information Model - GET,ImplantAssemblyTemplateInformationModelGet,SOP Class,PS3.4 ,false
1.2.840.10008.5.1.4.45.1,Implant Template Group Storage,ImplantTemplateGroupStorage,SOP Class,PS3.4 ,false
1.2.840.10008.5.1.4.45.2,Implant Template Group Information Model - FIND,ImplantTemplateGroupInformationModelFind,SOP Class,PS3.4 ,false
1.2.840.10008.5.1.4.45.3,Implant Template Group Information Model - MOVE,ImplantTemplateGroupInformationModelMove,SOP Class,PS3.4 ,false
1.2.840.10008.5.1.4.45.4,Implant Template Group Information Model - GET,ImplantTemplateGroupInformationModelGet,SOP Class,PS3.4 ,false
1.2.840.10008.7.1.1,Native DICOM Model,NativeDICOMModel,Application Hosting Model,PS3.19 ,false
1.2.840.10008.7.1.2,Abstract Multi-Dimensional Image Model,AbstractMultiDimensionalImageModel,Application Hosting Model,PS3.19 ,false
1.2.840.10008.8.1.1,DICOM Content Mapping Resource,DICOMContentMappingResource,Mapping Resource,PS3.16 ,false
1.2.840.10008.10.1,Video Endoscopic Image Real-Time Communication,VideoEndoscopicImageRealTimeCommunication,SOP Class,PS3.22 ,false
1.2.840.10008.10.2,Video Photographic Image Real-Time Communication,VideoPhotographicImageRealTimeCommunication,SOP Class,PS3.22 ,false
1.2.840.10008.10.3,Audio Waveform Real-Time Communication,AudioWaveformRealTimeCommunication,SOP Class,PS3.22 ,false
1.2.840.10008.10.4,Rendition Selection Document Real-Time Communication,RenditionSelectionDocumentRealTimeCommunication,SOP Class,PS3.22 ,false
1.2.840.10008.15.0.3.1,dicomDeviceName,dicomDeviceName,LDAP OID,PS3.15 ,false
1.2.840.10008.15.0.3.2,dicomDescription,dicomDescription,LDAP OID,PS3.15 ,false
1.2.840.10008.15.0.3.3,dicomManufacturer,dicomManufacturer,LDAP OID,PS3.15 ,false
1.2.840.10008.15.0.3.4,dicomManufacturerModelName,dicomManufacturerModelName,LDAP OID,PS3.15 ,false
1.2.840.10008.15.0.3.5,dicomSoftwareVersion,dicomSoftwareVersion,LDAP OID,PS3.15 ,false
1.2.840.10008.15.0.3.6,dicomVendorData,dicomVendorData,LDAP OID,PS3.15 ,false
1.2.840.10008.15.0.3.7,dicomAETitle,dicomAETitle,LDAP OID,PS3.15 ,false
1.2.840.10008.15.0.3.8,dicomNetworkConnectionReference,dicomNetworkConnectionReference,LDAP OID,PS3.15 ,false
1.2.840.10008.15.0.3.9,dicomApplicationCluster,dicomApplicationCluster,LDAP OID,PS3.15 ,false
1.2.840.10008.15.0.3.10,dicomAssociationInitiator,dicomAssociationInitiator,LDAP OID,PS3.15 ,false
1.2.840.10008.15.0.3.11,dicomAssociationAcceptor,dicomAssociationAcceptor,LDAP OID,PS3.15 ,false
1.2.840.10008.15.0.3.12,dicomHostname,dicomHostname,LDAP OID,PS3.15 ,false
1.2.840.10008.15.0.3.13,dicomPort,dicomPort,LDAP OID,PS3.15 ,false
1.2.840.10008.15.0.3.14,dicomSOPClass,dicomSOPClass,LDAP OID,PS3.15 ,false
1.2.840.10008.15.0.3.15,dicomTransferRole,dicomTransferRole,LDAP OID,PS3.15 ,false
1.2.840.10008.15.0.3.16,dicomTransferSyntax,dicomTransferSyntax,LDAP OID,PS3.15 ,false
1.2.840.10008.15.0.3.17,dicomPrimaryDeviceType,dicomPrimaryDeviceType,LDAP OID,PS3.15 ,false
1.2.840.10008.15.0.3.18,dicomRelatedDeviceReference,dicomRelatedDeviceReference,LDAP OID,PS3.15 ,false
1.2.840.10008.15.0.3.19,dicomPreferredCalledAETitle,dicomPreferredCalledAETitle,LDAP OID,PS3.15 ,false
1.2.840.10008.15.0.3.20,dicomTLSCyphersuite,dicomTLSCyphersuite,LDAP OID,PS3.15 ,false
1.2.840.10008.15.0.3.21,dicomAuthorizedNodeCertificateReference,dicomAuthorizedNodeCertificateReference,LDAP OID,PS3.15 ,false
1.2.840.10008.15.0.3.22,dicomThisNodeCertificateReference,dicomThisNodeCertificateReference,LDAP OID,PS3.15 ,false
1.2.840.10008.15.0.3.23,dicomInstalled,dicomInstalled,LDAP OID,PS3.15 ,false
1.2.840.10008.15.0.3.24,dicomStationName,dicomStationName,LDAP OID,PS3.15 ,false
1.2.840.10008.15.0.3.25,dicomDeviceSerialNumber,dicomDeviceSerialNumber,LDAP OID,PS3.15 ,false
1.2.840.10008.15.0.3.26,dicomInstitutionName,dicomInstitutionName,LDAP OID,PS3.15 ,false
1.2.840.10008.15.0.3.27,dicomInstitutionAddress,dicomInstitutionAddress,LDAP OID,PS3.15 ,false
1.2.840.10008.15.0.3.28,dicomInstitutionDepartmentName,dicomInstitutionDepartmentName,LDAP OID,PS3.15 ,false
1.2.840.10008.15.0.3.29,dicomIssuerOfPatientID,dicomIssuerOfPatientID,LDAP OID,PS3.15 ,false
1.2.840.10008.15.0.3.30,dicomPreferredCallingAETitle,dicomPreferredCallingAETitle,LDAP OID,PS3.15 ,false
1.2.840.10008.15.0.3.31,dicomSupportedCharacterSet,dicomSupportedCharacterSet,LDAP OID,PS3.15 ,false
1.2.840.10008.15.0.4.1,dicomConfigurationRoot,dicomConfigurationRoot,LDAP OID,PS3.15 ,false
1.2.840.10008.15.0.4.2,dicomDevicesRoot,dicomDevicesRoot,LDAP OID,PS3.15 ,false
1.2.840.10008.15.0.4.3,dicomUniqueAETitlesRegistryRoot,dicomUniqueAETitlesRegistryRoot,LDAP OID,PS3.15 ,false
1.2.840.10008.15.0.4.4,dicomDevice,dicomDevice,LDAP OID,PS3.15 ,false
1.2.840.10008.15.0.4.5,dicomNetworkAE,dicomNetworkAE,LDAP OID,PS3.15 ,false
1.2.840.10008.15.0.4.6,dicomNetworkConnection,dicomNetworkConnection,LDAP OID,PS3.15 ,false
1.2.840.10008.15.0.4.7,dicomUniqueAETitle,dicomUniqueAETitle,LDAP OID,PS3.15 ,false
1.2.840.10008.15.0.4.8,dicomTransferCapability,dicomTransferCapability,LDAP OID,PS3.15 ,false
1.2.840.10008.15.1.1,Universal Coordinated Time,UTC,Synchronization Frame of Reference,PS3.3 ,false
